original_name,new_name
CITY & COUNTY OF SAN FRANCISCO,CITY AND COUNTY OF SAN FRANCISCO
"SELF-EMPLOYED, SAME NAME",SELF-EMPLOYED
"UNIVERSITY OF CALIFORNIA, SAN FRANCISCO",UNIVERSITY OF CALIFORNIA SAN FRANCISCO
JAMES YU DDS INC.,JAMES YU DDS
"TROON PACIFIC, INC",TROON PACIFIC
TED'S MARKET & DELI,TED'S MARKET AND DELI
"AVANT GROUP, INC.",AVANT GROUP
"CSU HOSPITALITY MANAGEMENT, LLC",CSU HOSPITALITY MANAGEMENT
"SELF EMPLOYED, SAME NAME",SELF-EMPLOYED
"MANATT, PHELPS & PHILLIPS, LLP",MANATT PHELPS AND PHILLIPS
SARA C. STEPHENS MEDICAL ADVOCACY & PLANNING,SARA C. STEPHENS MEDICAL ADVOCACY AND PLANNING
HWL ENTERPRISE INC,HWL ENTERPRISE
FIG & THISTLE MARKET,FIG AND THISTLE MARKET
"BLUE BIRDS CONSTRUCTION, INC.",BLUE BIRDS CONSTRUCTION
"JORDAN REAL ESTATE INVESTMENT, LLC",JORDAN REAL ESTATE INVESTMENT
"MUTUAL SEIKO CONSTRUCTION, INC.",MUTUAL SEIKO CONSTRUCTION
"WONG CONSTRUCTION, INC.",WONG CONSTRUCTION
FMSF INC,FMSF
BULLITT BAR & GRILL,BULLITT BAR AND GRILL
SQUARE INC.,SQUARE
"PISCES, INC.",PISCES
EMERALD FUND INC.,EMERALD FUND
SQUAT & GOBBLE COFFEE LLC,SQUAT AND GOBBLE COFFEE
SUNRUN INC.,SUNRUN
ZARC CONSTRUCTION INC.,ZARC CONSTRUCTION
RAYMOND K Y LI MD INC,RAYMOND K Y LI MD
WILSON SONSINI GOODRICH & ROSATI,WILSON SONSINI GOODRICH AND ROSATI
"OHMCONNECT, INC",OHMCONNECT
"RONALD M. BLATMAN, INC.",RONALD M. BLATMAN
"GLENWOOD VENTURES, INC",GLENWOOD VENTURES
"BARRACUDA NETWORKS, INC.",BARRACUDA NETWORKS
UNIVERSITY OF CALIFORNIA  SAN FRANCISCO,UNIVERSITY OF CALIFORNIA SAN FRANCISCO
SALAZAR & HEATH INC.,SALAZAR AND HEATH
SMATHERS & BRANSON,SMATHERS AND BRANSON
"SKADDEN, ARPS, SLATE, MEAGHER & FLOM",SKADDEN ARPS SLATE MEAGHER AND FLOM
"BRIGADE GROUP, INC.",BRIGADE GROUP
"DWARES GROUP, INC.",DWARES GROUP
URBAN EQUITY LLC,URBAN EQUITY
"JEANPIERRE, WEGEM, ALABI & CO. LLP",JEANPIERRE WEGEM ALABI AND CO.
"MHC ENGINEERS, INC.",MHC ENGINEERS
COOLEY LLP,COOLEY
WDG VENTURES INC.,WDG VENTURES
APPLE INC,APPLE
"BARBARY COAST - SF, INC",BARBARY COAST - SF
"NITRIC, INC.",NITRIC
ALEXANDRIA REAL ESTATE EQUITIES INC,ALEXANDRIA REAL ESTATE EQUITIES
"A.M. ROCCA, INC",A.M. ROCCA
CROWELL & MORIG LLP,CROWELL AND MORIG
"GLOBAL SAFETY PROGRAMS, ILLUMINA, INC.",GLOBAL SAFETY PROGRAMS ILLUMINA
CUSHMAN & WAKEFIELD,CUSHMAN AND WAKEFIELD
ZIGNAL LABS INC.,ZIGNAL LABS
"650 INDUSTRIES, INC.",650 INDUSTRIES
PG&E,PGANDE
"STEARNS CONSULTING, LLC",STEARNS CONSULTING
PIONEER WORKS INC,PIONEER WORKS
"SAN FRANCISCO FLOWER MART, LLC",SAN FRANCISCO FLOWER MART
"GRASS ROOTS, INC",GRASS ROOTS
"KASA LIVING, INC.",KASA LIVING
"BODERO & ASSOCIATES, INC.",BODERO AND ASSOCIATES
"PAGERDUTY, INC.",PAGERDUTY
"HALLINAN & HALLINAN, PC",HALLINAN AND HALLINAN PC
STURFEE INC,STURFEE
LAW OFFICES OF TAMOR & TAMOR,LAW OFFICES OF TAMOR AND TAMOR
"GOLDEN STATE WARRIORS, LLC",GOLDEN STATE WARRIORS
"ORRICK, HERRINGTON & SUTCLIFFE",ORRICK HERRINGTON AND SUTCLIFFE
"MAVEN MAINTENANCE, INC.",MAVEN MAINTENANCE
"ANCHOR REALTY, INC.",ANCHOR REALTY
GROSS & BELSKY PROFESSIONAL CORPORATION,GROSS AND BELSKY PROFESSIONAL CORPORATION
"SAN FRANCISCO OPERA, SAN FRANCISCO BALLET",SAN FRANCISCO OPERA SAN FRANCISCO BALLET
MORRISON & FOERSTER,MORRISON AND FOERSTER
INTERNATIONAL LONGSHORE & WAREHOUSE UNION,INTERNATIONAL LONGSHORE AND WAREHOUSE UNION
"CITY OF SAN FRANCISCO, CA.",CITY AND COUNTY OF SAN FRANCISCO
THE PERMANENTE MEDICAL GROUP (KAISER),THE PERMANENTE MEDICAL GROUP
"APPLE, INC.",APPLE
PRINCIPAL BUILDERS,PRIPAL BUILDERS
CARGO VENTURES LLC,CARGO VENTURES
"RIBERA LAW FIRM, APC",RIBERA LAW FIRM APC
AT&T,ATANDT
"UBER, INC.",UBER
"ECO BAY SERVICES, INC",ECO BAY SERVICES
"CASCATA PARTNERS, LLC",CASCATA PARTNERS
"SPEEDGAUGE, INC.",SPEEDGAUGE
"WUHOOVER & CO., LLP",WUHOOVER AND CO.
NEWCOMB ANDERSON MCCORMICK (NAM),NEWCOMB ANDERSON MCCORMICK
IN-HOME SUPPORT SERVICES (IHSS),IN-HOME SUPPORT SERVICES
DON SEBASTIANI & SONS,DON SEBASTIANI AND SONS
"PAX LABS, INC.",PAX LABS
"STRIPE, INC",STRIPE
"BAYTILE: STONE, INC",BAYTILE: STONE
HILL & CO.,HILL AND CO.
"COGAC GROUP, LLC",COGAC GROUP
"UNIVERSITY OF CALIFORNIA, AT BERKELEY",UNIVERSITY OF CALIFORNIA AT BERKELEY
FLEETSMITH INC.,FLEETSMITH
PRINCIPAL BUILDERS INC.,PRIPAL BUILDERS
RENNE SLOAN HOLTZMAN & SAKAI,RENNE SLOAN HOLTZMAN AND SAKAI
CALIFORNIA BANK & TRUST,CALIFORNIA BANK AND TRUST
GRANITE EXCAVATION & DEMOLITION,GRANITE EXCAVATION AND DEMOLITION
TRANSPAK INC,TRANSPAK
RSBA & ASSOCIATES,RSBA AND ASSOCIATES
"CITY AND COUNTY OF SAN FRANCISCO, CA.",CITY AND COUNTY OF SAN FRANCISCO
"BARBARY COAST SAN FRANCISCO, INC",BARBARY COAST SAN FRANCISCO
"SQUARE, INC",SQUARE
HAAS & NAJARIAN,HAAS AND NAJARIAN
"REUBEN, JUNIUS & ROSE, LLP",REUBEN JUNIUS AND ROSE
"BAY AREA SURGICAL SPECIALISTS, INC.",BAY AREA SURGICAL SPECIALISTS
ROBIN CHIANG & COMMPANY,ROBIN CHIANG AND COMMPANY
"GOOGLE, INC.",GOOGLE
"GREENBERG, GLUSKER, FIELDS, CLAMAN & MACHTINGER, LLP",GREENBERG GLUSKER FIELDS CLAMAN AND MACHTINGER
BARNES MOSHER WHITEHURST LAUTER & PARTNERS,BARNES MOSHER WHITEHURST LAUTER AND PARTNERS
"EUROGRAPHICS, INC.",EUROGRAPHICS
WNDRCO LLC,WNDRCO
"SUNLIGHT ELECTRIC, LLC",SUNLIGHT ELECTRIC
GOOGLE INC.,GOOGLE
J. LOHR VINEYARDS & WINES,J. LOHR VINEYARDS AND WINES
RHODES & CO. LAW,RHODES AND CO. LAW
CLARK NEUBERT LLP,CLARK NEUBERT
JOHNSTON KINNEY AND ZULAICA LLP,JOHNSTON KINNEY AND ZULAICA
BRICK & MORTAR VENTURES,BRICK AND MORTAR VENTURES
FIELD CONSTRUCTION INC.,FIELD CONSTRUCTION
"STEVEN KAY, ESQ.",STEVEN KAY ESQ.
"J. ABRAMS LAW, P.C.",J. ABRAMS LAW P.C.
"GROUPON, INC.",GROUPON
SENSIBA SANFILIPPO LLP,SENSIBA SANFILIPPO
SANTOS & URUTTIA STRUCTURAL ENGINEERS,SANTOS AND URUTTIA STRUCTURAL ENGINEERS
GREAT PROFESSIONAL WEBSITES INC,GREAT PROFESSIONAL WEBSITES
KAZAN MCCLAIN SATTERLEY & GREENWOOD,KAZAN MCCLAIN SATTERLEY AND GREENWOOD
PLUNK INC.,PLUNK
"REIMANZ GROUP, LLC",REIMANZ GROUP
OSIRIS MANAGEMENT LLC,OSIRIS MANAGEMENT
URBAN LAND DEVELOPMENT LLC,URBAN LAND DEVELOPMENT
"NEYHART, ANDERSON, FLYNN & GROSBOLL",NEYHART ANDERSON FLYNN AND GROSBOLL
FORGEROCK INC.,FORGEROCK
LEVI STRAUSS & CO.,LEVI STRAUSS AND CO.
"KILREA CONSTRUCTION, INC.",KILREA CONSTRUCTION
"GOOGLE, LLC",GOOGLE
"GDML HOLDINGS, INC.",GDML HOLDINGS
ROSI BUSTAMANTE & CO.,ROSI BUSTAMANTE AND CO.
HORNBERGER & WORSTELL,HORNBERGER AND WORSTELL
"SCOOT NETWORKS, INC.",SCOOT NETWORKS
LIPSTICK & POLITICS,LIPSTICK AND POLITICS
ON LOK INC.,ON LOK
DON BAUER & CO,DON BAUER AND CO
FREITAS & WEINBERG LLP,FREITAS AND WEINBERG
"SQUARE, INC.",SQUARE
"BLOOMFIELD LAW GROUP, INC.",BLOOMFIELD LAW GROUP
"OFFICE OF FIONA MA, CPA- CA BOARD OF EQUALIZATION",OFFICE OF FIONA MA CPA- CA BOARD OF EQUALIZATION
SF HEALTHCARE & REHAB,SF HEALTHCARE AND REHAB
"SCIPRE ANALYTICS, INC.",SCIPRE ANALYTICS
"PEACOCK CONSTRUCTION, INCORPORATED",PEACOCK CONSTRUCTION ORPORATED
"BAMIEH & ERICKSON, PLC",BAMIEH AND ERICKSON PLC
"CHERTOFF GROUP, LLC",CHERTOFF GROUP
"GHILOTTI BROS, INC.",GHILOTTI BROS
BIRMINGHAM BUILDERS INC.,BIRMINGHAM BUILDERS
"COOPER, WHITE & COOPER",COOPER WHITE AND COOPER
COBLENTZ PATCH DUFFY & BASS LLP,COBLENTZ PATCH DUFFY AND BASS
PATIENTPOP INC,PATIENTPOP
FENWICK & WEST,FENWICK AND WEST
O'MELVENY & MYERS LLP,O'MELVENY AND MYERS
CAPALINO & COMPANY,CAPALINO AND COMPANY
"UNIVERSITY OF CALIFORNIA, SAN FRANCISCO MEDICAL CENTER",UNIVERSITY OF CALIFORNIA SAN FRANCISCO MEDICAL CENTER
DUANE MORRIS LLP,DUANE MORRIS
"PISCES, INC",PISCES
ROSEN BIEN GALVAN & GRUNFELD LLP,ROSEN BIEN GALVAN AND GRUNFELD
"OSBORNE PARTNERS CAPITAL MANAGEMENT, LLC",OSBORNE PARTNERS CAPITAL MANAGEMENT
ARGUEDAS CASSMAN & HEADLEY LLP,ARGUEDAS CASSMAN AND HEADLEY
BODY DAO INC.,BODY DAO
RG HILL & CO.,RG HILL AND CO.
"LISA WISE CONSULTING, INC.",LISA WISE CONSULTING
PERSHING LLC,PERSHING
"CITY AND COUNTY OF SAN FRANCISCO, CA",CITY AND COUNTY OF SAN FRANCISCO
BAY AREA WOMEN'S & CHILDREN'S CENTER,BAY AREA WOMEN'S AND CHILDREN'S CENTER
"HANOVER PARTNERS, INC.",HANOVER PARTNERS
HANSON BRIDGETT LLP,HANSON BRIDGETT
ABI SF LLC,ABI SF
EVANS INVESTMENT LLC,EVANS INVESTMENT
GRUBER & GRUBER PROPERTIES,GRUBER AND GRUBER PROPERTIES
NUNA INC,NUNA
PILOT CONSTRUCTION MANAGEMENT INC.,PILOT CONSTRUCTION MANAGEMENT
RHP MANAGEMENT INC,RHP MANAGEMENT
"KEKER, VAN NEST & PETERS LLP",KEKER VAN NEST AND PETERS
"SINCERE CONSTRUCTION COMPANY, INC.",SERE CONSTRUCTION COMPANY
GOLDFARB & LIPMAN,GOLDFARB AND LIPMAN
"GOLDEN 88 CONSTRUCTION, INC.",GOLDEN 88 CONSTRUCTION
H & L PARTNERS,H AND L PARTNERS
"SOLYD ARCHITECTURE, MANAGEMENT & DESIGN",SOLYD ARCHITECTURE MANAGEMENT AND DESIGN
"Z&L PROPERTIES, INC.",ZANDL PROPERTIES
"SIDEMAN & BANCROFT, LLP",SIDEMAN AND BANCROFT
"PINNACLE PROPERTIES, INC.",PINNACLE PROPERTIES
TOBENER RAVENSCROFT LLP,TOBENER RAVENSCROFT
"TEA TIME LABS, INC.",TEA TIME LABS
"LITKE PROPERTIES, INC.",LITKE PROPERTIES
"GRASS ROOTS, INC.",GRASS ROOTS
"OCTANT, INC.",OCTANT
CRESLEIGH MANAGMENT INC,CRESLEIGH MANAGMENT
"CHARLES ZUKOW ASSSOCIATES, INC.",CHARLES ZUKOW ASSSOCIATES
"DYNASTY, INC.",DYNASTY
"KAY AND MERKLE, LLP",KAY AND MERKLE
MOUNTAIN VIEW WINDOW & DOOR,MOUNTAIN VIEW WINDOW AND DOOR
"ASSOCIATES, INC.",ASSOCIATES
"VMWARE, INC.",VMWARE
"DENTONS US, LLP",DENTONS US
ATRIA SENIOR LIVING INC,ATRIA SENIOR LIVING
"SALAZAR & HEATH, INC.",SALAZAR AND HEATH
"EMERALD FUND, INC.",EMERALD FUND
"PEACOCK PROPERTIES, INC.",PEACOCK PROPERTIES
KELLEY & FARREN,KELLEY AND FARREN
"WEINBERG, ROGER & ROSENFELD",WEINBERG ROGER AND ROSENFELD
"CAROLLO ENGINEERS, INC.",CAROLLO ENGINEERS
"HUSTLE, INC.",HUSTLE
J GLYNN & CO.,J GLYNN AND CO.
DWARES GROUP INC.,DWARES GROUP
JEFF MALMUTH & CO.,JEFF MALMUTH AND CO.
CUTLER LLC,CUTLER
"DR. TERESA PALMER, MD",DR. TERESA PALMER MD
"HKS ARCHITECTS, INC.",HKS ARCHITECTS
"AXA ADVISORS, LLC",AXA ADVISORS
"BODY DAO, INC.",BODY DAO
"LEGARIE MANAGEMENT, INC.",LEGARIE MANAGEMENT
RB CAPITAL MANAGEMENT LLC,RB CAPITAL MANAGEMENT
"LOCK CHIROPRACTIC, INC.",LOCK CHIROPRACTIC
"R GROUP, INC.",R GROUP
CUSHMAN & WAKEFIELD INC.,CUSHMAN AND WAKEFIELD
LINCOLN UNIVERSITY,LOLN UNIVERSITY
KATE SIEGEL FINE EVENTS LLC,KATE SIEGEL FINE EVENTS
S&L REALTY,SANDL REALTY
"THE UPSIDE TRAVEL COMPANY, LLC",THE UPSIDE TRAVEL COMPANY
"DIMOND, KAPLAN & ROTHSTEIN, P.A.",DIMOND KAPLAN AND ROTHSTEIN P.A.
"OPERATOR, INC.",OPERATOR
"PUBLIC SECTOR SEARCH & CONSULTING, INC.",PUBLIC SECTOR SEARCH AND CONSULTING
"EBAY, INC.",EBAY
GAP INC.,GAP
PILLSBURY WINTHROP SHAW PITTMAN LLP,PILLSBURY WINTHROP SHAW PITTMAN
"SHAREPROGRESS, INC.",SHAREPROGRESS
SNAP INC,SNAP
WOLFORD WAYNE LLP,WOLFORD WAYNE
SELF EMPLOYED- WILMA SINCLAIR,SELF-EMPLOYED
TSAO-WU & YEE,TSAO-WU AND YEE
"LATHAM & WATKINS, LLP",LATHAM AND WATKINS
DENNING & COMPANY,DENNING AND COMPANY
KIMOCHI INC,KIMOCHI
TRUE COMPASS LLC,TRUE COMPASS
RIERA DIGITAL LLC,RIERA DIGITAL
"UNIVERSITY OF CALIFORNIA, OFFICE OF THE PRESIDENT",UNIVERSITY OF CALIFORNIA OFFICE OF THE PRESIDENT
ZERO WEEK SOLUTIONS LLC,ZERO WEEK SOLUTIONS
MARIN CITY HEALTH & WELLNESS CENTER,MARIN CITY HEALTH AND WELLNESS CENTER
BOGDAN & FRASCO,BOGDAN AND FRASCO
LINCOLN LIGHTHILL ARCHITECT,LOLN LIGHTHILL ARCHITECT
"YOUNG COMMUNITY DEVELOPERS, INC.",YOUNG COMMUNITY DEVELOPERS
SPIVEY INTERNATIONAL INCORPORATED,SPIVEY INTERNATIONAL ORPORATED
MIRACLES HAPPEN LLC,MIRACLES HAPPEN
APPLE INC.,APPLE
LEVER INC,LEVER
YARON & ASSOCIATES,YARON AND ASSOCIATES
HOYER & HICKS,HOYER AND HICKS
FUNDX INVESTMENT GROUP LLC,FUNDX INVESTMENT GROUP
BETTER HOMES & GARDENS REAL ESTATE,BETTER HOMES AND GARDENS REAL ESTATE
"BOND RETAIL, INC.",BOND RETAIL
"TIERION, INC.",TIERION
"IMMIXGROUP, INC",IMMIXGROUP
"PROTO, INC.",PROTO
ELIIS PARTNERS LLC,ELIIS PARTNERS
CAMERON COFFEY & KAYE PROFESSIONAL CORPORATION,CAMERON COFFEY AND KAYE PROFESSIONAL CORPORATION
"REUBEN, JUNIUS, & ROSE",REUBEN JUNIUS AND ROSE
4 THE TEAM! LLC,4 THE TEAM!
"JACKSON LAW GROUP, P.C.",JACKSON LAW GROUP P.C.
SFCEC SAN FRANCISCO COMMUNITY EMPOWERMENT CENTER (SFCEC),SFCEC SAN FRANCISCO COMMUNITY EMPOWERMENT CENTER
KASLOFSKY & ASSOCIATES,KASLOFSKY AND ASSOCIATES
"AMERICAN REALTY AND CONSTRUCTION, INC.",AMERICAN REALTY AND CONSTRUCTION
"VIDEO/MULTIPOINT, INC.",VIDEO/MULTIPOINT
"COOPER, WHITE & COOPER LLP",COOPER WHITE AND COOPER
CHEESE PLUS (SELF),CHEESE PLUS
"DENTON METALS, LLC",DENTON METALS
COURNALE & CO.,COURNALE AND CO.
"SOUTH PACIFIC EXPRESS TRAVELS, INC.",SOUTH PACIFIC EXPRESS TRAVELS
"SFMTA, SECURITY AND ENFORCEMENT DIVISION",SFMTA SECURITY AND ENFORCEMENT DIVISION
THE SPRINCIN COMPANIES,THE SPRIN COMPANIES
EASTERSEALS BAY AREA (ESBA),EASTERSEALS BAY AREA
"EVIE TALMUS, MFT",EVIE TALMUS MFT
"AIMMUNE THERAPEUTICS, INC.",AIMMUNE THERAPEUTICS
"TRANSWORLD CONSTRUCTION, INC.",TRANSWORLD CONSTRUCTION
O'MELVENY & MYERS,O'MELVENY AND MYERS
MCAVOY O'HARA CO. INC.,MCAVOY O'HARA CO.
ANVIL BUILDERS INC.,ANVIL BUILDERS
E5 CONSTRUCTION LLC,E5 CONSTRUCTION
SF CARTS & CONCESSIONS,SF CARTS AND CONCESSIONS
"ZUME PIZZA, INC.",ZUME PIZZA
"ALFRED WILLIAMS CONSULTANCY, LLC",ALFRED WILLIAMS CONSULTANCY
HINMAN & CARMICHAEL LLP,HINMAN AND CARMICHAEL
"JUSTIN P. FONG, M.D.",JUSTIN P. FONG M.D.
"COUNTY OF SANTA CLARA, CA",COUNTY OF SANTA CLARA
"U.S. DISTRICT COURT, NORTHERN DISTRICT OF CALIFORNIA",U.S. DISTRICT COURT NORTHERN DISTRICT OF CALIFORNIA
HC&M COMMERCIAL PROPERTIES,HCANDM COMMERCIAL PROPERTIES
BETTER HOMES & GARDENS,BETTER HOMES AND GARDENS
AXIS DEVELOPMENT GROUP LLC,AXIS DEVELOPMENT GROUP
WALRUS & ASSOCIATES,WALRUS AND ASSOCIATES
GREAT BASIN LAND & WATER,GREAT BASIN LAND AND WATER
VITAL INC,VITAL
FENWICK & WEST LLP,FENWICK AND WEST
MKH MANAGEMENT COMPANY LLC,MKH MANAGEMENT COMPANY
"AUTODESK, INC",AUTODESK
SAN FRANCISCO CITY & COUNTY,SAN FRANCISCO CITY AND COUNTY
LEVER INC.,LEVER
"GORDON-CREED, KELLY, HOLL",GORDON-CREED KELLY HOLL
"SGDM, LLC",SGDM
KAFOURY & MCDOUGAL,KAFOURY AND MCDOUGAL
"PANDA MONY TOY BRANDS, LLC",PANDA MONY TOY BRANDS
"50+1 STRATEGIES, LLC.",50+1 STRATEGIES
URBANGREEN DEVCO LLC,URBANGREEN DEVCO
CLARENCE DYER & COHEN,CLARENCE DYER AND COHEN
AFRICAN AMERICAN ART & CULTURE COMPLEX,AFRICAN AMERICAN ART AND CULTURE COMPLEX
BCSF INC,BCSF
"DOORDASH, INC.",DOORDASH
"GORDON REES SCULLY MANSUKHANI, LLP",GORDON REES SCULLY MANSUKHANI
CRESLEIGH MANAGEMENT INC.,CRESLEIGH MANAGEMENT
"AGILE MANAGEMENT, LLC",AGILE MANAGEMENT
UNIF MANAGEMENT INC.,UNIF MANAGEMENT
"SELF EMPLOYED, NO SEPARATE BUSINESS NAME",SELF-EMPLOYED
"MDW GROUP, INC",MDW GROUP
CITY AND COUNTY OF SAN FRANCISCO - OFFICE OF ECONOMIC & WORKFORCE DEVELOPMENT,CITY AND COUNTY OF SAN FRANCISCO
"MUNGER, TOLLES & OLSON LLP",MUNGER TOLLES AND OLSON
SRS ACQUIOM INC,SRS ACQUIOM
ARALON INC.,ARALON
"GIBSON, DUNN & CRUTCHER LLP",GIBSON DUNN AND CRUTCHER
SIDLEY AUSTIN LLP,SIDLEY AUSTIN
"YBC ASSOCIATES, INC.",YBC ASSOCIATES
"OKEEFFE'S, INC.",OKEEFFE'S
WINSTON & STRAWN LLP,WINSTON AND STRAWN
SLE MARKETING & CONSULTING,SLE MARKETING AND CONSULTING
HUMBLE BUNDLE INC.,HUMBLE BUNDLE
"JONES LANG LASALLE, INC.",JONES LANG LASALLE
"BCSF, INC",BCSF
"UNIVERSITY OF CALIFORNIA, DAVIS",UNIVERSITY OF CALIFORNIA DAVIS
R&G LOUNGE,RANDG LOUNGE
PIERCE ST SF LLC,PIERCE ST SF
MCCRACKEN STEMERMAN & HOLSBERRY,MCCRACKEN STEMERMAN AND HOLSBERRY
KCA ENGINEERS INC.,KCA ENGINEERS
GOOGLE LLC,GOOGLE
"ADAMAS PHARMACEUTICALS, INC.",ADAMAS PHARMACEUTICALS
"WILLKIE FARR & GALLAGHER, LLP",WILLKIE FARR AND GALLAGHER
S&P GLOBAL,SANDP GLOBAL
"AM ROCCA, INC.",AM ROCCA
E-VINCE,E-VE
WHOKNEW VENTURES LLC,WHOKNEW VENTURES
"CITY OF OAKLAND, CA.",CITY OF OAKLAND CA.
MCKINSEY & COMPANY,MCKINSEY AND COMPANY
"MYTHICAL ENTERTAINMENT, INC.",MYTHICAL ENTERTAINMENT
"ACHAOGEN, INC.",ACHAOGEN
"MOCEAN, LLC",MOCEAN
SF&S CONSTRUCTION,SFANDS CONSTRUCTION
"METROPOLIS PARTNERS, INC.",METROPOLIS PARTNERS
"EVANS LAW FIRM, INC.",EVANS LAW FIRM
SUSAN HIRSCH & ASSOCIATES,SUSAN HIRSCH AND ASSOCIATES
"COURTSCRIBES, INC.",COURTSCRIBES
CORPORATE COUNSEL LAW GROUP LLP,CORPORATE COUNSEL LAW GROUP
"LAW OFFICES OF VERMEULEN, MARK R",LAW OFFICES OF VERMEULEN MARK R
PRICEWATERHOUSECOOPERS LLP,PRICEWATERHOUSECOOPERS
LISA & DOUGLAS GOLDMAN FUND,LISA AND DOUGLAS GOLDMAN FUND
"CARBON, INC",CARBON
"CBRE GROUP, INC.",CBRE GROUP
OATH INC.,OATH
DENVER KIDS INC,DENVER KIDS
TECH INCUBATOR AT QC,TECH UBATOR AT QC
HELLER MANUS INC.,HELLER MANUS
TENDERLOIN NEIGHBORHOOD DEVELOPMENT CORPORATION (TNDC),TENDERLOIN NEIGHBORHOOD DEVELOPMENT CORPORATION
"IJOUSEWEB, INC",IJOUSEWEB
"CERVANTES DESIGN ASSOCIATES, INC.",CERVANTES DESIGN ASSOCIATES
"ACADEMY OF ART UNIVERSITY, SF",ACADEMY OF ART UNIVERSITY SF
NBC SPORTS BAY AREA & CALIFORNIA,NBC SPORTS BAY AREA AND CALIFORNIA
"EXPANSE, INC.",EXPANSE
MJF & ASSOCIATES,MJF AND ASSOCIATES
650 INDUSTRIES INC,650 INDUSTRIES
"VICE PRESIDENT, BAY AREA",VICE PRESIDENT BAY AREA
"CRESLEIGH MANAGMENT, INC.",CRESLEIGH MANAGMENT
"CITY CENTER REALTY PARTNERS, LLC",CITY CENTER REALTY PARTNERS
JSY PUBLIC RELATIONS & MARKETING,JSY PUBLIC RELATIONS AND MARKETING
"SUNRUN, INC.",SUNRUN
"ALCHECK PROPERTIES, INC.",ALCHECK PROPERTIES
"C. STRICKLAND CONSULTING, INC.",C. STRICKLAND CONSULTING
KOBRE & KIM LLP,KOBRE AND KIM
KLEIN HOCKEL IEZZA & PATEL,KLEIN HOCKEL IEZZA AND PATEL
DODGE & COX INVESTMENT MANAGERS,DODGE AND COX INVESTMENT MANAGERS
"YELP, INC.",YELP
"BREALL, SOTO, LEE, CHUN, TENG, WONG CARDIOVASCULAR MEDICINE GROUP",BREALL SOTO LEE CHUN TENG WONG CARDIOVASCULAR MEDICINE GROUP
"UNIVERSITY OF CALIFORNIA, SANTA CRUZ",UNIVERSITY OF CALIFORNIA SANTA CRUZ
"MINTED, INC.",MINTED
HALLINAN & HALLINAN,HALLINAN AND HALLINAN
"PILLSBURY WINTHROP SHAW PITTMAN, LLP",PILLSBURY WINTHROP SHAW PITTMAN
ERNST & YOUNG,ERNST AND YOUNG
"KEKER & VAN NEST, LLP",KEKER AND VAN NEST
"AD ASTRA LAW GROUP, LLP",AD ASTRA LAW GROUP
DODGE & COX,DODGE AND COX
BUILD INC.,BUILD
ONE VASSAR LLC,ONE VASSAR
CRESLEIGH MANAGEMENT INC,CRESLEIGH MANAGEMENT
"AEM, INC.",AEM
"CCSAC, INC.",CCSAC
TRACEABLE INC.,TRACEABLE
GAGNIER MARGOSSIAN LLP,GAGNIER MARGOSSIAN
GORDON/CLIFFORD REALTY INC,GORDON/CLIFFORD REALTY
SOMA DEVELOPMENT LLC,SOMA DEVELOPMENT
ANCO IRON & CONSTRUCTION INC.,ANCO IRON AND CONSTRUCTION
"HALLINAN & HALLINAN, PROFESSIONAL CORPORATION",HALLINAN AND HALLINAN PROFESSIONAL CORPORATION
"AFFIRM, INC",AFFIRM
AM ROCCA INC,AM ROCCA
BMWL & PARTNERS,BMWL AND PARTNERS
"AFFIRM, INC.",AFFIRM
MERRIWETHER & WILLIAMS INSURANCE SERVICES,MERRIWETHER AND WILLIAMS INSURANCE SERVICES
"UNIVERSITY OF CALIFORNIA,  BERKELEY",UNIVERSITY OF CALIFORNIA BERKELEY
"CITY & COUNTY OF SAN FRANCISCO, CA.",CITY AND COUNTY OF SAN FRANCISCO
"MADDEN PLUMBING, LLC",MADDEN PLUMBING
LEONARD CARDER LLP,LEONARD CARDER
"MARCOS LEON CONSTRUCTION, INC.",MARCOS LEON CONSTRUCTION
ASSOCIATED BUILDERS INC.,ASSOCIATED BUILDERS
"GARDEN CAFE ASSOCIATE, LLC",GARDEN CAFE ASSOCIATE
"ACT TWO HOLDINGS, LLC",ACT TWO HOLDINGS
PREMIER STRUCTURES INC.,PREMIER STRUCTURES
HARRINGTON INVESTMENT INC,HARRINGTON INVESTMENT
"FLURISH, INC.",FLURISH
LEEG & CO.,LEEG AND CO.
"HALEY, PURCHIO & SMITH",HALEY PURCHIO AND SMITH
"ECO BAY SERVICES, INC.",ECO BAY SERVICES
GOODWIN PROCTER LLP,GOODWIN PROCTER
"THE WILLIE L. BROWN, JR. INSTITUTE",THE WILLIE L. BROWN JR. INSTITUTE
"THOMERY CAPITAL, LLC",THOMERY CAPITAL
"MILLER, KAPLAN LLP",MILLER KAPLAN
KOBRE AND KIM LLP,KOBRE AND KIM
"MBDG, LLC",MBDG
"FANATICS, INC",FANATICS
MEDINA ORTHWEIN LLP,MEDINA ORTHWEIN
WALTER & ELISE HAAS FUND,WALTER AND ELISE HAAS FUND
"CODERPAD, INC",CODERPAD
GECH INC,GECH
"LOUIS A. CAPITAN, INC",LOUIS A. CAPITAN
"EQUINOX BOTANICALS, INC.",EQUINOX BOTANICALS
CITY &AMP; COUNTY OF SAN FRANCISCO,CITY AND COUNTY OF SAN FRANCISCO
SELF HAUTE HOME LLC,SELF HAUTE HOME
CARPENETI & CARPENETI,CARPENETI AND CARPENETI
PACIFIC GAS & ELECTRIC,PACIFIC GAS AND ELECTRIC
EXPERTUS INC.,EXPERTUS
ALTSHULER BERZON LLP,ALTSHULER BERZON
"GLUCK DANIEL, LLP",GLUCK DANIEL
"650 INDUSTRIES, INC. (EXPO)",650 INDUSTRIES
"SUNNY'S PLUMBING, INC.",SUNNY'S PLUMBING
ZANGHI TORRES ARSHAWSKY LLP,ZANGHI TORRES ARSHAWSKY
AXIOM GLOBAL INC.,AXIOM GLOBAL
"FIBROGEN, INC",FIBROGEN
COTCHETT PITRE & MCCARTHY,COTCHETT PITRE AND MCCARTHY
"BEDROCK TECHNOLOGY PARTNERS, LLC",BEDROCK TECHNOLOGY PARTNERS
WILSON'S JEWELRY INC.,WILSON'S JEWELRY
"HOUSE & ROBERTSON ARCHITECTS, INC.",HOUSE AND ROBERTSON ARCHITECTS
"R&P ASSOCIATES, LLC",RANDP ASSOCIATES
DATA ALCHEMY INC,DATA ALCHEMY
HCA & CO.,HCA AND CO.
"PEAK REALTY GROUP, INC.",PEAK REALTY GROUP
"LYFT, INC.",LYFT
"J CAPITAL RESEARCH COMPANY, LTD.",J CAPITAL RESEARCH COMPANY LTD.
CLEARY & ASSOCIATES,CLEARY AND ASSOCIATES
"CITY & COUNTY OF SAN FRANCISCO, DEPARTMENT OF PUBLIC HEALTH",CITY AND COUNTY OF SAN FRANCISCO
"STRATEGIC PROJECT SOLUTIONS, INC.",STRATEGIC PROJECT SOLUTIONS
"SHU-WING CHAN M.D., INC.",SHU-WING CHAN M.D.
"T J REAGAN, INC.",T J REAGAN
ARTHUR J. GALLAGHER & CO.,ARTHUR J. GALLAGHER AND CO.
"LILAC LAW GROUP, LLP",LILAC LAW GROUP
"UNIVERSITY OF CALIFORNIA, BERKELEY ART MUSEUM",UNIVERSITY OF CALIFORNIA BERKELEY ART MUSEUM
"WASSERMAN-STERN, ATTORNEYS AT LAW",WASSERMAN-STERN ATTORNEYS AT LAW
HUMPHREYS JOINER LAW GROUP LLP,HUMPHREYS JOINER LAW GROUP
"THE PRESS SHOP, INC.",THE PRESS SHOP
"UNHAPPY THE HEDGEHOG, INC.",UNHAPPY THE HEDGEHOG
"FOURSQUARE LABS, INC.",FOURSQUARE LABS
TCBK (TRI COUNTIES BANK),TCBK
SOURCE & CONNECT,SOURCE AND CONNECT
"JOHN H. BEATTY AND ASSOCIATES, INC.",JOHN H. BEATTY AND ASSOCIATES
DAVIS & ASSOCIATES COMMUNICATIONS,DAVIS AND ASSOCIATES COMMUNICATIONS
"TWILIO, INC.",TWILIO
CITY LIFT PARKING LLC,CITY LIFT PARKING
"SKYLINE CONSTRUCTION, INC.",SKYLINE CONSTRUCTION
SAFE & SOUND,SAFE AND SOUND
"MEGATOYS, LLC",MEGATOYS
GREEN THREAD HOLDINGS INC,GREEN THREAD HOLDINGS
"GAP, INC",GAP
ROTHSTEIN DONATELLI LLP,ROTHSTEIN DONATELLI
BIRD RIDES INC.,BIRD RIDES
"ROBIN F. LEVITT, ARCHITECT",ROBIN F. LEVITT ARCHITECT
"DROPBOX, INC.",DROPBOX
EVEREST WATERPROOFING & RESTORATION INC,EVEREST WATERPROOFING AND RESTORATION
"UNIVERSAL DEVELOPMENT CONSULTING PRO, INC.",UNIVERSAL DEVELOPMENT CONSULTING PRO
GOOD VIEW LUMBER & BUILDING SUPPLY,GOOD VIEW LUMBER AND BUILDING SUPPLY
AVANTINE LLC,AVANTINE
PERKINS COIE LLP,PERKINS COIE
"KEKER, VAN NEST & PETERS",KEKER VAN NEST AND PETERS
"OKTA, INC.",OKTA
"SYNCOPATED ARCHITECTURE, INC.",SYNCOPATED ARCHITECTURE
"GORDON H. SMITH, CORPORATION",GORDON H. SMITH CORPORATION
SFBSC MANAGEMENT LLC,SFBSC MANAGEMENT
"GHILOTTI BROS., INC.",GHILOTTI BROS.
FMSF INC.,FMSF
"TOWN KRYER, LLC",TOWN KRYER
"EXPO, INC.",EXPO
HP INC.,HP
"SOUNDS BAZAAR, BLACK SCALE, ANKH MARKETING",SOUNDS BAZAAR BLACK SCALE ANKH MARKETING
"DALTEK GLOBAL SOLUTIONS, LLC",DALTEK GLOBAL SOLUTIONS
BREGANTE + COMPANY LLP,BREGANTE + COMPANY
MIKE MURACH & ASSOCIATES,MIKE MURACH AND ASSOCIATES
ALLPRO BUSINESS SERVICES INC,ARO BUSINESS SERVICES
"3D INVESTMENTS, LLC",3D INVESTMENTS
BLACKROCK INC.,BLACKROCK
"SOCIAL FINANCE, INC. (SOFI)",SOCIAL FINANCE
PANDORA MEDIA INC.,PANDORA MEDIA
"FIELD HOLDINGS, LLC",FIELD HOLDINGS
RODAN & FIELDS,RODAN AND FIELDS
& MANAGEMENT COMPANY,AND MANAGEMENT COMPANY
"REALTY EQUITIES, INC",REALTY EQUITIES
DONNELLY NELSON DEPOLO MURRAY & EFREMSKY,DONNELLY NELSON DEPOLO MURRAY AND EFREMSKY
"KAZAN, MCCLAIN, SATTERLEY & GREENWOOD",KAZAN MCCLAIN SATTERLEY AND GREENWOOD
JONES HAYDU INC,JONES HAYDU
SAN FRANCISCO INCOME SUPPORTIVE SERVICES PUBLIC AUTHORITY,SAN FRANCISCO OME SUPPORTIVE SERVICES PUBLIC AUTHORITY
FRIENDS OF THE CHILDREN  SF BAY AREA,FRIENDS OF THE CHILDREN SF BAY AREA
VIALPANDO LLC,VIALPANDO
"GORDON-CREED, KELLEY, HOLL & SUGERMAN, LLP",GORDON-CREED KELLEY HOLL AND SUGERMAN
PRESTON PIPELINES INC.,PRESTON PIPELINES
"CHARLES T. FRISBIE, CPASELF-EMPLOYED / SAME NAME",SELF-EMPLOYED
"NAHAI INSURANCE SERVICES, INC.",NAHAI INSURANCE SERVICES
"ADLESON, HESS & KELLY",ADLESON HESS AND KELLY
"ANN T. MACLEOD, ATTORNEY AT LAW",ANN T. MACLEOD ATTORNEY AT LAW
CHAMPSEE SOLUTIONS LLC,CHAMPSEE SOLUTIONS
"TOM'S METAL SPECIALISTS, INC.",TOM'S METAL SPECIALISTS
"LOCAL 21, PROFESSIONAL & TECHNICAL ENGINEERS",LOCAL 21 PROFESSIONAL AND TECHNICAL ENGINEERS
INCLUENCE,LUENCE
"ARCHROCK PARTNERS, L.P.",ARCHROCK PARTNERS L.P.
"UNIVERSITY OF CALIFORNIA, AT SAN FRANCISCO",UNIVERSITY OF CALIFORNIA AT SAN FRANCISCO
"JAWBONE HEALTH HUB, INC",JAWBONE HEALTH HUB
FIG & THISTLE,FIG AND THISTLE
SHORENSTEIN PROPERTIES LLC,SHORENSTEIN PROPERTIES
"DUECOURSE, INC.",DUECOURSE
"KRAMER, BLUM ASSOCIATES",KRAMER BLUM ASSOCIATES
AGI AVANT GROUP INC.,AGI AVANT GROUP
"WALDEN DEVELOPMENT, LLC",WALDEN DEVELOPMENT
"LAW OFFICES OF M. GERALD SCHWARTZBACH, P.C.",LAW OFFICES OF M. GERALD SCHWARTZBACH P.C.
ORRICK HERRINGTON & SUTCLIFFE,ORRICK HERRINGTON AND SUTCLIFFE
"BENCHLING, INC.",BENCHLING
"UNIVERSITY OF SOUTHERN CALIFORNIA, ANNENBERG",UNIVERSITY OF SOUTHERN CALIFORNIA ANNENBERG
SNC-LAVALIN GROUP INC.,SNC-LAVALIN GROUP
"BUILDERS MARKETING GROUP, INC.",BUILDERS MARKETING GROUP
"COX, CASTLE & NICHOLSON, LLP",COX CASTLE AND NICHOLSON
MACY'S INC.,MACY'S
"EUCLID, INC.",EUCLID
"ORRICK, HERRINGTON AND SUTCLIFFE",ORRICK HERRINGTON AND SUTCLIFFE
"REMIX, INC",REMIX
"TABLETMEDIA, INC.",TABLETMEDIA
FADEM & ASSOCIATES,FADEM AND ASSOCIATES
"SALES PRODUCERS, INC.",SALES PRODUCERS
THE LAW OFFICE OF KATHRYN DEVINCENZI,THE LAW OFFICE OF KATHRYN DEVENZI
LUCKY 8 TRADING LLC,LUCKY 8 TRADING
"NATERA, INC.",NATERA
"AST ENTERPRISES, INC",AST ENTERPRISES
SALEM & GREEN,SALEM AND GREEN
"UNIVERSITY OF CALIFORNIA, BERKELEY",UNIVERSITY OF CALIFORNIA BERKELEY
"RICHMOND AREA MULTI-SERVICES, INC. (RAMS)",RICHMOND AREA MULTI-SERVICES
"LAW OFFICES OF VANESSA CANDELARIA, P.C.",LAW OFFICES OF VANESSA CANDELARIA P.C.
"PRESIDIO BAY VENTURES, LLC",PRESIDIO BAY VENTURES
PUBLIC ADVOCATES INC.,PUBLIC ADVOCATES
"FIONA MA, CPA  VICE CHAIR, BOARD OF EQUALIZATION",FIONA MA CPA VICE CHAIR BOARD OF EQUALIZATION
INCARDA THERAPEUTICS,ARDA THERAPEUTICS
DON BAUER & COMPANY,DON BAUER AND COMPANY
3S LLC,3S
"BLUMHOUSE PRODUCTIONS, LLC",BLUMHOUSE PRODUCTIONS
ROSALES LAW PARTNERS LLP,ROSALES LAW PARTNERS
"FOX ROTHSCHILD, LLP",FOX ROTHSCHILD
"DEEP ELM CONSTRUCTION, LLC",DEEP ELM CONSTRUCTION
"COHNREZNICK, LLP",COHNREZNICK
GREENSTEIN & MCDONALD,GREENSTEIN AND MCDONALD
"SELF-EMPLOYED - THE BRACKETT GROUP, INC.",SELF-EMPLOYED
"GLOBAL MANAGEMENT & CONSULTING, INC.",GLOBAL MANAGEMENT AND CONSULTING
TIERNEY WATSON & HEALY,TIERNEY WATSON AND HEALY
MONCHAMP MELDRUM LLP,MONCHAMP MELDRUM
"GOLDEN GATE HAND THERAPY, INC.",GOLDEN GATE HAND THERAPY
B&G GROUP INC,BANDG GROUP
"JOHNSTON, KINNEY & ZULAICA LLP",JOHNSTON KINNEY AND ZULAICA
"MARIC, LLC",MARIC
MURCHISON & CUMMING LLP,MURCHISON AND CUMMING
FELSON COMPANIES INC,FELSON COMPANIES
"BONJOUR, THORMAN, BURNS, DAHM & WARGO",BONJOUR THORMAN BURNS DAHM AND WARGO
"CUROLOGY, INC.",CUROLOGY
"FORGEROCK, INC.",FORGEROCK
"TWITTER, INC",TWITTER
BOIES SCHILLER FLEXNER LLP,BOIES SCHILLER FLEXNER
LUBIN OLSON & NIEWIADOMSKI LLP,LUBIN OLSON AND NIEWIADOMSKI
"CYTOKINETICS, INC.",CYTOKINETICS
JENNER & BLOCK LLP,JENNER AND BLOCK
"KENNEDY PAYNE, PROFESSIONAL CORPORATION",KENNEDY PAYNE PROFESSIONAL CORPORATION
"FACEBOOK, INC.",FACEBOOK
"CAPTIVATE IQ, INC.",CAPTIVATE IQ
"MARSTON ASSOCIATES, INC",MARSTON ASSOCIATES
A & J JEWELRY,A AND J JEWELRY
"PAUL HASTINGS, LLP",PAUL HASTINGS
"AGILENT TECHNOLOGIES, INC.",AGILENT TECHNOLOGIES
"CITY OF ALAMEDA, CA",CITY OF ALAMEDA CA
BAYVIEW  HUNTERS POINT FOUNDATION,BAYVIEW HUNTERS POINT FOUNDATION
"CHARLES SCHWAB & CO, INC.",CHARLES SCHWAB AND CO
"PLANT CONSTRUCTION COMPANY, L.P.",PLANT CONSTRUCTION COMPANY L.P.
"GLS ELECTRIC, INC.",GLS ELECTRIC
BOZEMAN & ASSOCIATES,BOZEMAN AND ASSOCIATES
"JAMES W. HURLEY, CPA",JAMES W. HURLEY CPA
"SHUMAKER & SIEFFERT, P.A.",SHUMAKER AND SIEFFERT P.A.
"CON-QUEST CONTRACTORS, INC.",CON-QUEST CONTRACTORS
FENWICK AND WEST LLP,FENWICK AND WEST
EN POINTE LLC,EN POINTE
"DR. RICHARD BALDWIN, MD",DR. RICHARD BALDWIN MD
KIRKLAND & ELLIS,KIRKLAND AND ELLIS
"CENTRIX BUILDERS, INC.",CENTRIX BUILDERS
JONES LANG LASALLE INCORPORATED,JONES LANG LASALLE ORPORATED
TRAVEL LIMOUSINE & SEDAN SERVICE LLC,TRAVEL LIMOUSINE AND SEDAN SERVICE
"AUDIUS, INC.",AUDIUS
LATHAM & WATKINS LLP,LATHAM AND WATKINS
SWIRE PROPERTIES INC.,SWIRE PROPERTIES
"GORDON/CLIFFORD REALTY, INC",GORDON/CLIFFORD REALTY
"NETFLIX, INC.",NETFLIX
"COURSERA, INC.",COURSERA
"FARRAND COOPER, P.C.",FARRAND COOPER P.C.
"CITY AND COUNTY SAN FRANCISCO, CA.",CITY AND COUNTY OF SAN FRANCISCO
WATERFRONT CONTAINER LEASING CO. INC.,WATERFRONT CONTAINER LEASING CO.
"K. BRUNNER & ASSOCIATES, INC",K. BRUNNER AND ASSOCIATES
V & O REALTY,V AND O REALTY
DON & SONS SEBASTIANI,DON AND SONS SEBASTIANI
"KENNETH H. CHANGE MD, A MEDICAL CORP (MEDICAL OFFICE)",KENNETH H. CHANGE MD A MEDICAL CORP
FITBIT INC.,FITBIT
"UNIVERSITY OF CALIFORNIA, DAVIS MEDICAL CENTER",UNIVERSITY OF CALIFORNIA DAVIS MEDICAL CENTER
EVANS INVESTMENTS LLC,EVANS INVESTMENTS
ARNOLD & PORTER KAYE SCHOLER LLP,ARNOLD AND PORTER KAYE SCHOLER
"MAG MANAGEMENT, INC",MAG MANAGEMENT
"ORRICK HERRINGTON & SUTCLIFFE, LLP",ORRICK HERRINGTON AND SUTCLIFFE
"OTTER BRANDS, LLC",OTTER BRANDS
"CISCO SYSTEMS, INC.",CISCO SYSTEMS
MCKINSEY & CO,MCKINSEY AND CO
BANCROFT & MCALISTER LLC,BANCROFT AND MCALISTER
EXPERTUS INC,EXPERTUS
"SAN FRANCISCO, HUMAN SERVICES AGENCY",SAN FRANCISCO HUMAN SERVICES AGENCY
MILES AND COMPANY INC.,MILES AND COMPANY
LIVE NATION WORLDWIDE INC,LIVE NATION WORLDWIDE
"SHOOK, HARDY & BACON LLP",SHOOK HARDY AND BACON
AMERICA ASIA INVESTMENTS INC.,AMERICA ASIA INVESTMENTS
"LM GEREMIA, INC.",LM GEREMIA
CORE GLASS & ALUMINUM INC,CORE GLASS AND ALUMINUM
"HELMS & ASSOCIATES, CPAS LLP",HELMS AND ASSOCIATES CPAS
MAYER BROWN LLP,MAYER BROWN
COBLENTZ PATCH DUFFY & BASS,COBLENTZ PATCH DUFFY AND BASS
"TRUST DEED INVESTMENTS, INC.",TRUST DEED INVESTMENTS
"SOLERS, INC.",SOLERS
"COLDWELL BANKER GLOBAL LUXURY, PACIFIC HEIGHTS",COLDWELL BANKER GLOBAL LUXURY PACIFIC HEIGHTS
"GORDON & REES SCULLY MANSUKHANI, LLP",GORDON AND REES SCULLY MANSUKHANI
"CBRE, INC.",CBRE
"GO2STRATEGY, LLC",GO2STRATEGY
"LIFSCHITZ, EZRIN, DARSKY & ALIOTO, ATTORNEYS AT LAW",LIFSCHITZ EZRIN DARSKY AND ALIOTO ATTORNEYS AT LAW
3RD STREET YOUTH CENTER & CLINIC,3RD STREET YOUTH CENTER AND CLINIC
"RHMT, LLC",RHMT
"REALTEX, INC.",REALTEX
"PACIFIC WATERFRONT PARTNERS, LLC",PACIFIC WATERFRONT PARTNERS
"AMY L HOWARD CONSULTING, LLC",AMY L HOWARD CONSULTING
"UNIVERSITY OF CALIFORNIA, HASTINGS",UNIVERSITY OF CALIFORNIA HASTINGS
SCULYER RUMSEY INC,SCULYER RUMSEY
AAUBA INC,AAUBA
"TRINITY MANAGEMENT, LLC",TRINITY MANAGEMENT
MORRISON AND FOERSTER LLP,MORRISON AND FOERSTER
"VERITAS INVESTMENTS, INC.",VERITAS INVESTMENTS
"SIEGEL, YEE & BRUNNER",SIEGEL YEE AND BRUNNER
"BOSTON PROPERTIES, INC.",BOSTON PROPERTIES
"HDR ENGINEERING, INC.",HDR ENGINEERING
"AUTOMATTIC, INC.",AUTOMATTIC
"GOLDSTEIN, GELLMAN, MELBOSTAD, HARRIS & MCSPARRAN, LLP",GOLDSTEIN GELLMAN MELBOSTAD HARRIS AND MCSPARRAN
"EULA HOTEL, HOLIDAY INN EXPRESS UNION SQUARE",EULA HOTEL HOLIDAY INN EXPRESS UNION SQUARE
"TAO CAPITAL MANAGMENT, LP",TAO CAPITAL MANAGMENT LP
"LALO CONSULTING, LLC",LALO CONSULTING
CALIFORNIA REALTY & LAND INC.,CALIFORNIA REALTY AND LAND
OPORTUN INC.,OPORTUN
"SEAL ROCK INVESTMENTS, LLC",SEAL ROCK INVESTMENTS
LINSCHEID ENTERPRISES INC.,LINSCHEID ENTERPRISES
"RENNE, SLOAN,HOLTZMAN & SAKAI",RENNE SLOANHOLTZMAN AND SAKAI
"MOSS LAW FIRM, LLP",MOSS LAW FIRM
BASA INC,BASA
"XOJET, INC.",XOJET
"GCI, INC.",GCI
"HARMLESS HARVEST, INC.",HARMLESS HARVEST
INI LLC,INI
LEVIN SIMES ABRAMS LLP,LEVIN SIMES ABRAMS
KEN FULK INC.,KEN FULK
"DIVVY HOMES, INC.",DIVVY HOMES
UY LAW GROUP (SELF),UY LAW GROUP
GM CRUISE LLC,GM CRUISE
"COTCHETT, PITRE & MCCARTHY, LLP",COTCHETT PITRE AND MCCARTHY
STERLING BANK & TRUST,STERLING BANK AND TRUST
KONSULENT KAPITAL LLC,KONSULENT KAPITAL
"CRESLEIGH MANAGEMENT, INC.",CRESLEIGH MANAGEMENT
FOURTHPILLAR LLC,FOURTHPILLAR
TENANTS & OWNERS DEVELOPMENT CORP.,TENANTS AND OWNERS DEVELOPMENT CORP.
"ICHOR SYSTEMS, INC.",ICHOR SYSTEMS
"ADDRESS GROUP, LLC",ADDRESS GROUP
BULLIT BAR & GRILL,BULLIT BAR AND GRILL
PAUL HASTINGS LLC,PAUL HASTINGS
"IHOUSEWEB, INC",IHOUSEWEB
"BCSF, INC.",BCSF
"DAVID PERRY & ASSOCIATES, INC.",DAVID PERRY AND ASSOCIATES
GAP INC,GAP
"RED DIPPER, INC.",RED DIPPER
"HOFFMAN INDUSTRIES, LLC",HOFFMAN INDUSTRIES
"MILBANK, TWEED, HADLEY & MCCLOY LLP",MILBANK TWEED HADLEY AND MCCLOY
"UNIVERSITY OF CALIFORNIA, HASTINGS COLLEGE OF THE LAW",UNIVERSITY OF CALIFORNIA HASTINGS COLLEGE OF THE LAW
Z&L PROPERTIES,ZANDL PROPERTIES
"JONES, HALL, A PROFESSIONAL LAW CORPORATION",JONES HALL A PROFESSIONAL LAW CORPORATION
ALSHULER BERZON LLP,ALSHULER BERZON
STRIPE INC,STRIPE
FRH CONSULTING LLC,FRH CONSULTING
PITTS INC.,PITTS
GORDON-CREED KELLEY HOLL & SUGERMAN,GORDON-CREED KELLEY HOLL AND SUGERMAN
"KEN FULK, INC.",KEN FULK
"HAAS & NAJARIAN, LLP",HAAS AND NAJARIAN
SHEPPARD MULLIN RICHTER & HAMPTON LLP,SHEPPARD MULLIN RICHTER AND HAMPTON
"JJ VIRGIN & ASSOCIATES, INC.",JJ VIRGIN AND ASSOCIATES
"MORGAN, LEWIS & BOCKIUS LLP",MORGAN LEWIS AND BOCKIUS
"UNIVERSITY OF SAN FRANCISCO, SCHOOL OF LAW",UNIVERSITY OF SAN FRANCISCO SCHOOL OF LAW
"PLAY BIGGER ADVISORS, LLC",PLAY BIGGER ADVISORS
ADAMS & ASSOCIATES,ADAMS AND ASSOCIATES
"REDDIT, INC",REDDIT
CRAYTON & ASSOCIATES CONSULTING,CRAYTON AND ASSOCIATES CONSULTING
"CALIFORNIA STATE UNIVERSITY, MONTEREY BAY",CALIFORNIA STATE UNIVERSITY MONTEREY BAY
MINAMI TAMAKI LLP,MINAMI TAMAKI
DEMANDBASE INC,DEMANDBASE
"STORECOIN, INC.",STORECOIN
HOOD & STRONG LLP,HOOD AND STRONG
MAJANI CONSULTING LLC,MAJANI CONSULTING
"ATLAS PROPERTY GROUP, INC.",ATLAS PROPERTY GROUP
"SILICON VALLEY PAVING, INC.",SILICON VALLEY PAVING
O'KEEFFE'S INC.,O'KEEFFE'S
ANDERSON & POOLE,ANDERSON AND POOLE
PACIFIC  UNION INTERNATIONAL,PACIFIC UNION INTERNATIONAL
"TENDERLOIN HOUSING CLINIC, INC.",TENDERLOIN HOUSING CLINIC
JACKSON AND MAW LLC,JACKSON AND MAW
KILPATRICK TOWNSEND & STTOCKTON LLP,KILPATRICK TOWNSEND AND STTOCKTON
"SPERAMUS, INC.",SPERAMUS
BRYAN CAVE LEIGHTON PAISNER LLP,BRYAN CAVE LEIGHTON PAISNER
KIESEL LAW LLP,KIESEL LAW
"33RD AVENUE LIQUOR, INC.",33RD AVENUE LIQUOR
EWALD TAJBAKSH ARCHITECTURE (ETA),EWALD TAJBAKSH ARCHITECTURE
"BRIGHT SUMMIT, LLC",BRIGHT SUMMIT
T OKAMOTO & CO,T OKAMOTO AND CO
OATH HOLDINGS INC.,OATH HOLDINGS
CAMERON COFFEY & KAYE PC,CAMERON COFFEY AND KAYE PC
ARTECH INFORMATION SYSTEMS LLC,ARTECH INFORMATION SYSTEMS
MISSION LANGUAGE & VOCATIONAL SCHOOL,MISSION LANGUAGE AND VOCATIONAL SCHOOL
BOYS & GIRLS CLUBS OF SAN FRANCISCO,BOYS AND GIRLS CLUBS OF SAN FRANCISCO
SIDEMAN + BANCROFT LLP,SIDEMAN + BANCROFT
PRO UNLIMITED (AIRBNB),PRO UNLIMITED
"YEORVELAH, LLC",YEORVELAH
"UNIVERSITY OF CALIFRORNIA,  BERKELEY",UNIVERSITY OF CALIFRORNIA BERKELEY
"GV ART CONSERVATION, LLC",GV ART CONSERVATION
"ZELNICK MANN & WINIKUR, P.C.",ZELNICK MANN AND WINIKUR P.C.
WONTONBAR INC,WONTONBAR
BIG FISH HOUSE LLC,BIG FISH HOUSE
"DEMANDBASE, INC",DEMANDBASE
BANCROFT & MCALISTER,BANCROFT AND MCALISTER
J&J LAUNDRY,JANDJ LAUNDRY
"DARMIYAN, INC",DARMIYAN
REINER ASSOCIATES INC.,REINER ASSOCIATES
"EXABEAM, INC.",EXABEAM
"JOBETTY, LLC",JOBETTY
CROWELL & MORING LLP,CROWELL AND MORING
GOLDSTEIN GELLMAN MELBOSTAD HARRIS & MCSPARRAN,GOLDSTEIN GELLMAN MELBOSTAD HARRIS AND MCSPARRAN
MORGAN STANLEY SMITH BARNEY LLC,MORGAN STANLEY SMITH BARNEY
HKH CONSULTING INC,HKH CONSULTING
HARMON M SHRAGGE & COMPANY,HARMON M SHRAGGE AND COMPANY
BURKE WILLIAMS & SORENSEN LLP,BURKE WILLIAMS AND SORENSEN
"SINGER ASSOCIATES PUBLIC RELATIONS, INC.",SINGER ASSOCIATES PUBLIC RELATIONS
MCKINSEY & COMPANY INC,MCKINSEY AND COMPANY
"UNIVERSITY OF CALIFORNIA, BERKELEY, HAAS SCHOOL OF BUSINESS",UNIVERSITY OF CALIFORNIA BERKELEY HAAS SCHOOL OF BUSINESS
POUND MANAGEMENT INC.,POUND MANAGEMENT
CITY & COUNTY OF SF,CITY AND COUNTY OF SF
"CARBON, INC.",CARBON
CALIFORNIA REALTY & LAND INC,CALIFORNIA REALTY AND LAND
"COUNTY OF SANTA CLARA, CA.",COUNTY OF SANTA CLARA
AIDS LEGAL REFERRAL PANEL (ALRP),AIDS LEGAL REFERRAL PANEL
MEWE INC.,MEWE
"SNAPDOCS, INC.",SNAPDOCS
"SEGMENT, INC",SEGMENT
"DISTRICT ATTORNEY'S OFFICE, COUNTY OF SAN MATEO",DISTRICT ATTORNEY'S OFFICE COUNTY OF SAN MATEO
URBAN WEST CONSTRUCTION INC,URBAN WEST CONSTRUCTION
"THUMBTACK, INC.",THUMBTACK
"TENNIS DEVELOPMENT, LLC.",TENNIS DEVELOPMENT
A.M. ROCCA INC.,A.M. ROCCA
RSM US LLP,RSM US
"CALVIN Y. LOUIE, CPA",CALVIN Y. LOUIE CPA
"FALCON PACIFIC, LLC",FALCON PACIFIC
KIDDOM INC,KIDDOM
"KIMOCHI, INC.",KIMOCHI
"CALIFORNIA STATE UNIVERSITY, SACRAMENTO",CALIFORNIA STATE UNIVERSITY SACRAMENTO
TRIANNI INC,TRIANNI
"SKANSKA USA, INC.",SKANSKA USA
INVISIONAPP INC.,INVISIONAPP
GOOGLE INC,GOOGLE
"VLP LAW GROUP, INC",VLP LAW GROUP
LUCIA'S HEALTH & BEAUTY,LUCIA'S HEALTH AND BEAUTY
"KWUN, BHANSALI, LAZARUS, LLP",KWUN BHANSALI LAZARUS
"KL REALTY HOLDINGS, INC.",KL REALTY HOLDINGS
"COLLEGE NANNIES, SITTERS AND TUTORS",COLLEGE NANNIES SITTERS AND TUTORS
"SOCIAL FINANCE, INC.",SOCIAL FINANCE
ALFRED WILLIAMS CONSULTANCY LLC,ALFRED WILLIAMS CONSULTANCY
"NOGA NIV, PH.D-CLINICAL PSYCHOLOGIST",NOGA NIV PH.D-CLINICAL PSYCHOLOGIST
"WILKINSON BARKER KNAUER, LLP",WILKINSON BARKER KNAUER
"DEMANDBASE, INC.",DEMANDBASE
"DICTUM HEALTH, INC.",DICTUM HEALTH
"BANDCAMP, INC.",BANDCAMP
"ZUME, INC.",ZUME
INK & SWITCH,INK AND SWITCH
SOUTH EAST BAY PEDIATRIC MEDICAL GROUP INC,SOUTH EAST BAY PEDIATRIC MEDICAL GROUP
"GOLDSTEIN, GELLMAN, MELBOSTAD, HARRIS & MCSPARRAN",GOLDSTEIN GELLMAN MELBOSTAD HARRIS AND MCSPARRAN
"JONES, SCHILLER & LITTMAN",JONES SCHILLER AND LITTMAN
KORS WILLIAMSN & ASSOCIATES,KORS WILLIAMSN AND ASSOCIATES
"SAM WO VENTURES, LLC",SAM WO VENTURES
SCHMITT HEATING & AIR-CONDITIONING,SCHMITT HEATING AND AIR-CONDITIONING
"STATE OF THE HEART PRODUCTIONS, INC.",STATE OF THE HEART PRODUCTIONS
"JAYNE W. WILLIAMS, ESQ.",JAYNE W. WILLIAMS ESQ.
"ZYMERGEN, INC.",ZYMERGEN
BOWMAN AND BROOKE LLP,BOWMAN AND BROOKE
"MHC ENGINEERS, INC",MHC ENGINEERS
"FERMENT LABS, INC.",FERMENT LABS
STEPTOE LLP,STEPTOE
"O'CONNOR, RUNCKEL & O'MALLEY, LLP",O'CONNOR RUNCKEL AND O'MALLEY
"YCAT-C , INC.",YCAT-C
DON BAUER & CO.,DON BAUER AND CO.
PRINCIPALITY OF MONACO,PRIPALITY OF MONACO
MCCARTHY COOK & CO.,MCCARTHY COOK AND CO.
WALRUS &AMP; ASSOCIATES,WALRUS ANDAMP; ASSOCIATES
BURKE WILLIAMS & SORENSEN,BURKE WILLIAMS AND SORENSEN
WHITE & CASE LLP,WHITE AND CASE
BOYS & GIRLS CLUBS OF THE LOS ANGELES HARBOR,BOYS AND GIRLS CLUBS OF THE LOS ANGELES HARBOR
GREENE CO. INC.,GREENE CO.
"VA NORTHERN CALIFORNIA HEALTH CARE SYSTEM, UCSF",VA NORTHERN CALIFORNIA HEALTH CARE SYSTEM UCSF
JEFFER MANGELS BUTLER & MITCHELL LLP,JEFFER MANGELS BUTLER AND MITCHELL
RENNE SLOAN HOLTZMAN SAKAI LLP,RENNE SLOAN HOLTZMAN SAKAI
"CENTRON MANAGEMENT GROUP, INC.",CENTRON MANAGEMENT GROUP
"REMIX, INC.",REMIX
"RABBIT, INC.",RABBIT
AE GILMORE & SONS,AE GILMORE AND SONS
"UBER TECHNOLOGIES, INC",UBER TECHNOLOGIES
POSITIVE ARTS LLC,POSITIVE ARTS
"HIGH SPEED PRODUCTIONS, INC.",HIGH SPEED PRODUCTIONS
HALEY PURCHIO SAKAI & SMITH,HALEY PURCHIO SAKAI AND SMITH
"CRICKET HEALTH, INC",CRICKET HEALTH
"ZUME, INC",ZUME
TXT LLC DBA CAT CLUB,TXT DBA CAT CLUB
CWA/AT&T,CWA/ATANDT
"CULLIGAN MANAGEMENT COMPANY, INC.",CULLIGAN MANAGEMENT COMPANY
"PILLSBURY, WINTHROP",PILLSBURY WINTHROP
INCLINE INSURANCE,LINE INSURANCE
"REDAPTIVE, INC.",REDAPTIVE
"MABCO INVESTMENTS, LLC",MABCO INVESTMENTS
RHP MANAGEMENT INC.,RHP MANAGEMENT
"HAYLEY, PURCHIO & SMITH",HAYLEY PURCHIO AND SMITH
DL (DAVID LILIENSTEIN) LAW GROUP,DL LAW GROUP
LONG & LEVIT,LONG AND LEVIT
"SELF EMPLOYED KATHLEEN JOHNSON, MS, LPC",SELF-EMPLOYED
"WILLOW GROVE ADVISORS, LLC",WILLOW GROVE ADVISORS
"ADOBE, INC.",ADOBE
"SCOMA'S RESTAURANT, INC.",SCOMA'S RESTAURANT
WESTERN CENTER ON LAW & POVERTY,WESTERN CENTER ON LAW AND POVERTY
"DECKLER ELECTRIC COMPANY, INC.",DECKLER ELECTRIC COMPANY
"KAZAN, MCCLAIN",KAZAN MCCLAIN
"SAN FRANCISCO CARTS AND CONCESSION, INC.",SAN FRANCISCO CARTS AND CONCESSION
3 S LLC,3 S
"OUTSCHOOL, INC.",OUTSCHOOL
GLUCK DANIEL LLP,GLUCK DANIEL
THE PRADO GROUP INC.,THE PRADO GROUP
TONIC NIGHLIFE GROUP (TNG),TONIC NIGHLIFE GROUP
"TRIANNI, INC.",TRIANNI
ACKRELL CAPITAL LLC,ACKRELL CAPITAL
"MCGUIREWOODS, LLP",MCGUIREWOODS
